N,Time,Type
2,4.057964725764954,http
1,66.07922093687563,ftp
0,9.14489619311423,https
0,4.0158767168094505,http
0,93.72622991875878,ftp
1,6.823189784576439,https
1,48.8192097247331,http
2,94.71508656821332,ftp
2,7.209789436923052,https
